{
  "training": {
    "num_cars": 233,
    "max_x_cor": 28,
    "max_y_cor": 30,
    "num_garages": 1,
    "lot_distribution_percentage": 0.897564646038223,
    "target_start_occupancy": 0.4213133066426278 ,
    "demand_curve_intercept" : 0.23786271472969064
  },
  "evaluation": {
    "num_cars": 670,
    "max_x_cor": 40,
    "max_y_cor": 50,
    "num_garages": 2,
    "lot_distribution_percentage": 0.5136166541938596,
    "target_start_occupancy": 0.5093924771636168 ,
    "demand_curve_intercept" : 0.17458501429258358
  }
}